[
	{
		"index": 1,
		"name": "Weapon",
		"equipment": [
			{
				"name": "Club",
				"url": "http://www.dnd5eapi.co/api/equipment/1"
			},
			{
				"name": "Dagger",
				"url": "http://www.dnd5eapi.co/api/equipment/2"
			},
			{
				"name": "Greatclub",
				"url": "http://www.dnd5eapi.co/api/equipment/3"
			},
			{
				"name": "Handaxe",
				"url": "http://www.dnd5eapi.co/api/equipment/4"
			},
			{
				"name": "Javelin",
				"url": "http://www.dnd5eapi.co/api/equipment/5"
			},
			{
				"name": "Light hammer",
				"url": "http://www.dnd5eapi.co/api/equipment/6"
			},
			{
				"name": "Mace",
				"url": "http://www.dnd5eapi.co/api/equipment/7"
			},
			{
				"name": "Quarterstaff",
				"url": "http://www.dnd5eapi.co/api/equipment/8"
			},
			{
				"name": "Sickle",
				"url": "http://www.dnd5eapi.co/api/equipment/9"
			},
			{
				"name": "Spear",
				"url": "http://www.dnd5eapi.co/api/equipment/10"
			},
			{
				"name": "Crossbow, light",
				"url": "http://www.dnd5eapi.co/api/equipment/11"
			},
			{
				"name": "Dart",
				"url": "http://www.dnd5eapi.co/api/equipment/12"
			},
			{
				"name": "Shortbow",
				"url": "http://www.dnd5eapi.co/api/equipment/13"
			},
			{
				"name": "Sling",
				"url": "http://www.dnd5eapi.co/api/equipment/14"
			},
			{
				"name": "Battleaxe",
				"url": "http://www.dnd5eapi.co/api/equipment/15"
			},
			{
				"name": "Flail",
				"url": "http://www.dnd5eapi.co/api/equipment/16"
			},
			{
				"name": "Glaive",
				"url": "http://www.dnd5eapi.co/api/equipment/17"
			},
			{
				"name": "Greataxe",
				"url": "http://www.dnd5eapi.co/api/equipment/18"
			},
			{
				"name": "Greatsword",
				"url": "http://www.dnd5eapi.co/api/equipment/19"
			},
			{
				"name": "Halberd",
				"url": "http://www.dnd5eapi.co/api/equipment/20"
			},
			{
				"name": "Lance",
				"url": "http://www.dnd5eapi.co/api/equipment/21"
			},
			{
				"name": "Longsword",
				"url": "http://www.dnd5eapi.co/api/equipment/22"
			},
			{
				"name": "Maul",
				"url": "http://www.dnd5eapi.co/api/equipment/23"
			},
			{
				"name": "Morningstar",
				"url": "http://www.dnd5eapi.co/api/equipment/24"
			},
			{
				"name": "Pike",
				"url": "http://www.dnd5eapi.co/api/equipment/25"
			},
			{
				"name": "Rapier",
				"url": "http://www.dnd5eapi.co/api/equipment/26"
			},
			{
				"name": "Scimitar",
				"url": "http://www.dnd5eapi.co/api/equipment/27"
			},
			{
				"name": "Shortsword",
				"url": "http://www.dnd5eapi.co/api/equipment/28"
			},
			{
				"name": "Trident",
				"url": "http://www.dnd5eapi.co/api/equipment/29"
			},
			{
				"name": "War pick",
				"url": "http://www.dnd5eapi.co/api/equipment/30"
			},
			{
				"name": "Warhammer",
				"url": "http://www.dnd5eapi.co/api/equipment/31"
			},
			{
				"name": "Whip",
				"url": "http://www.dnd5eapi.co/api/equipment/32"
			},
			{
				"name": "Blowgun",
				"url": "http://www.dnd5eapi.co/api/equipment/33"
			},
			{
				"name": "Crossbow, hand",
				"url": "http://www.dnd5eapi.co/api/equipment/34"
			},
			{
				"name": "Crossbow, heavy",
				"url": "http://www.dnd5eapi.co/api/equipment/35"
			},
			{
				"name": "Longbow",
				"url": "http://www.dnd5eapi.co/api/equipment/36"
			},
			{
				"name": "Net",
				"url": "http://www.dnd5eapi.co/api/equipment/37"
			}
		],
		"url": "http://www.dnd5eapi.co/api/equipment-categories/1"
	},
	{
		"index": 2,
		"name": "Armor",
		"equipment": [
			{
				"name": "Padded",
				"url": "http://www.dnd5eapi.co/api/equipment/38"
			},
			{
				"name": "Leather",
				"url": "http://www.dnd5eapi.co/api/equipment/39"
			},
			{
				"name": "Studded Leather",
				"url": "http://www.dnd5eapi.co/api/equipment/40"
			},
			{
				"name": "Hide",
				"url": "http://www.dnd5eapi.co/api/equipment/41"
			},
			{
				"name": "Chain Shirt",
				"url": "http://www.dnd5eapi.co/api/equipment/42"
			},
			{
				"name": "Scale Mail",
				"url": "http://www.dnd5eapi.co/api/equipment/43"
			},
			{
				"name": "Breastplate",
				"url": "http://www.dnd5eapi.co/api/equipment/44"
			},
			{
				"name": "Half Plate",
				"url": "http://www.dnd5eapi.co/api/equipment/45"
			},
			{
				"name": "Ring Mail",
				"url": "http://www.dnd5eapi.co/api/equipment/46"
			},
			{
				"name": "Chain Mail",
				"url": "http://www.dnd5eapi.co/api/equipment/47"
			},
			{
				"name": "Splint",
				"url": "http://www.dnd5eapi.co/api/equipment/48"
			},
			{
				"name": "Plate",
				"url": "http://www.dnd5eapi.co/api/equipment/49"
			},
			{
				"name": "Shield",
				"url": "http://www.dnd5eapi.co/api/equipment/50"
			}
		],
		"url": "http://www.dnd5eapi.co/api/equipment-categories/2"
	},
	{
		"index": 3,
		"name": "Adventuring Gear",
		"equipment": [
			{
				"url": "http://www.dnd5eapi.co/api/equipment/51",
				"name": "Abacus"
			},
			{
				"url": "http://www.dnd5eapi.co/api/equipment/52",
				"name": "Acid (vial)"
			},
			{
				"url": "http://www.dnd5eapi.co/api/equipment/53",
				"name": "Alchemist’s fire (flask)"
			},
			{
				"url": "http://www.dnd5eapi.co/api/equipment/54",
				"name": "Arrow"
			},
			{
				"url": "http://www.dnd5eapi.co/api/equipment/55",
				"name": "Blowgun needle"
			},
			{
				"url": "http://www.dnd5eapi.co/api/equipment/56",
				"name": "Crossbow bolt"
			},
			{
				"url": "http://www.dnd5eapi.co/api/equipment/57",
				"name": "Sling bullet"
			},
			{
				"url": "http://www.dnd5eapi.co/api/equipment/58",
				"name": "Amulet"
			},
			{
				"url": "http://www.dnd5eapi.co/api/equipment/59",
				"name": "Antitoxin (vial)"
			},
			{
				"url": "http://www.dnd5eapi.co/api/equipment/60",
				"name": "Crystal"
			},
			{
				"url": "http://www.dnd5eapi.co/api/equipment/61",
				"name": "Orb"
			},
			{
				"url": "http://www.dnd5eapi.co/api/equipment/62",
				"name": "Rod"
			},
			{
				"url": "http://www.dnd5eapi.co/api/equipment/63",
				"name": "Staff"
			},
			{
				"url": "http://www.dnd5eapi.co/api/equipment/64",
				"name": "Wand"
			},
			{
				"url": "http://www.dnd5eapi.co/api/equipment/65",
				"name": "Backpack"
			},
			{
				"url": "http://www.dnd5eapi.co/api/equipment/66",
				"name": "Ball bearings (bag of 1,000)"
			},
			{
				"url": "http://www.dnd5eapi.co/api/equipment/67",
				"name": "Barrel"
			},
			{
				"url": "http://www.dnd5eapi.co/api/equipment/68",
				"name": "Basket"
			},
			{
				"url": "http://www.dnd5eapi.co/api/equipment/69",
				"name": "Bedroll"
			},
			{
				"url": "http://www.dnd5eapi.co/api/equipment/70",
				"name": "Bell"
			},
			{
				"url": "http://www.dnd5eapi.co/api/equipment/71",
				"name": "Blanket"
			},
			{
				"url": "http://www.dnd5eapi.co/api/equipment/72",
				"name": "Block and tackle"
			},
			{
				"url": "http://www.dnd5eapi.co/api/equipment/73",
				"name": "Book"
			},
			{
				"url": "http://www.dnd5eapi.co/api/equipment/74",
				"name": "Bottle, glass"
			},
			{
				"url": "http://www.dnd5eapi.co/api/equipment/75",
				"name": "Bucket"
			},
			{
				"url": "http://www.dnd5eapi.co/api/equipment/76",
				"name": "Caltrops"
			},
			{
				"url": "http://www.dnd5eapi.co/api/equipment/77",
				"name": "Candle"
			},
			{
				"url": "http://www.dnd5eapi.co/api/equipment/78",
				"name": "Case, crossbow bolt"
			},
			{
				"url": "http://www.dnd5eapi.co/api/equipment/79",
				"name": "Case, map or scroll"
			},
			{
				"url": "http://www.dnd5eapi.co/api/equipment/80",
				"name": "Chain (10 feet)"
			},
			{
				"url": "http://www.dnd5eapi.co/api/equipment/81",
				"name": "Chalk (1 piece)"
			},
			{
				"url": "http://www.dnd5eapi.co/api/equipment/82",
				"name": "Chest"
			},
			{
				"url": "http://www.dnd5eapi.co/api/equipment/83",
				"name": "Clothes, common"
			},
			{
				"url": "http://www.dnd5eapi.co/api/equipment/84",
				"name": "Clothes, costume"
			},
			{
				"url": "http://www.dnd5eapi.co/api/equipment/85",
				"name": "Clothes, fine"
			},
			{
				"url": "http://www.dnd5eapi.co/api/equipment/86",
				"name": "Clothes, traveler’s"
			},
			{
				"url": "http://www.dnd5eapi.co/api/equipment/87",
				"name": "Component pouch"
			},
			{
				"url": "http://www.dnd5eapi.co/api/equipment/88",
				"name": "Crowbar"
			},
			{
				"url": "http://www.dnd5eapi.co/api/equipment/89",
				"name": "Sprig of mistletoe"
			},
			{
				"url": "http://www.dnd5eapi.co/api/equipment/90",
				"name": "Totem"
			},
			{
				"url": "http://www.dnd5eapi.co/api/equipment/91",
				"name": "Wooden staff"
			},
			{
				"url": "http://www.dnd5eapi.co/api/equipment/92",
				"name": "Yew wand"
			},
			{
				"url": "http://www.dnd5eapi.co/api/equipment/93",
				"name": "Emblem"
			},
			{
				"url": "http://www.dnd5eapi.co/api/equipment/94",
				"name": "Fishing tackle"
			},
			{
				"url": "http://www.dnd5eapi.co/api/equipment/95",
				"name": "Flask or tankard"
			},
			{
				"url": "http://www.dnd5eapi.co/api/equipment/96",
				"name": "Grappling hook"
			},
			{
				"url": "http://www.dnd5eapi.co/api/equipment/97",
				"name": "Hammer"
			},
			{
				"url": "http://www.dnd5eapi.co/api/equipment/98",
				"name": "Hammer, sledge"
			},
			{
				"url": "http://www.dnd5eapi.co/api/equipment/99",
				"name": "Holy water (flask)"
			},
			{
				"url": "http://www.dnd5eapi.co/api/equipment/100",
				"name": "Hourglass"
			},
			{
				"url": "http://www.dnd5eapi.co/api/equipment/101",
				"name": "Hunting trap"
			},
			{
				"url": "http://www.dnd5eapi.co/api/equipment/102",
				"name": "Ink (1 ounce bottle)"
			},
			{
				"url": "http://www.dnd5eapi.co/api/equipment/103",
				"name": "Ink pen"
			},
			{
				"url": "http://www.dnd5eapi.co/api/equipment/100",
				"name": "Hourglass"
			},
			{
				"url": "http://www.dnd5eapi.co/api/equipment/101",
				"name": "Hunting trap"
			},
			{
				"url": "http://www.dnd5eapi.co/api/equipment/102",
				"name": "Ink (1 ounce bottle)"
			},
			{
				"url": "http://www.dnd5eapi.co/api/equipment/103",
				"name": "Ink pen"
			},
			{
				"url": "http://www.dnd5eapi.co/api/equipment/104",
				"name": "Jug or pitcher"
			},
			{
				"url": "http://www.dnd5eapi.co/api/equipment/105",
				"name": "Climber’s Kit"
			},
			{
				"url": "http://www.dnd5eapi.co/api/equipment/106",
				"name": "Disguise Kit"
			},
			{
				"url": "http://www.dnd5eapi.co/api/equipment/107",
				"name": "Forgery Kit"
			},
			{
				"url": "http://www.dnd5eapi.co/api/equipment/108",
				"name": "Herbalism Kit"
			},
			{
				"url": "http://www.dnd5eapi.co/api/equipment/109",
				"name": "Healer’s Kit"
			},
			{
				"url": "http://www.dnd5eapi.co/api/equipment/110",
				"name": "Mess Kit"
			},
			{
				"url": "http://www.dnd5eapi.co/api/equipment/111",
				"name": "Poisoner’s Kit"
			},
			{
				"url": "http://www.dnd5eapi.co/api/equipment/112",
				"name": "Ladder (10-foot)"
			},
			{
				"url": "http://www.dnd5eapi.co/api/equipment/113",
				"name": "Lamp"
			},
			{
				"url": "http://www.dnd5eapi.co/api/equipment/114",
				"name": "Lantern, bullseye"
			},
			{
				"url": "http://www.dnd5eapi.co/api/equipment/115",
				"name": "Lantern, hooded"
			},
			{
				"url": "http://www.dnd5eapi.co/api/equipment/116",
				"name": "Lock"
			},
			{
				"url": "http://www.dnd5eapi.co/api/equipment/117",
				"name": "Magnifying glass"
			},
			{
				"url": "http://www.dnd5eapi.co/api/equipment/118",
				"name": "Manacles"
			},
			{
				"url": "http://www.dnd5eapi.co/api/equipment/119",
				"name": "Mirror, steel"
			},
			{
				"url": "http://www.dnd5eapi.co/api/equipment/120",
				"name": "Oil (flask)"
			},
			{
				"url": "http://www.dnd5eapi.co/api/equipment/121",
				"name": "Paper (one sheet)"
			},
			{
				"url": "http://www.dnd5eapi.co/api/equipment/122",
				"name": "Parchment (one sheet)"
			},
			{
				"url": "http://www.dnd5eapi.co/api/equipment/123",
				"name": "Perfume (vial)"
			},
			{
				"url": "http://www.dnd5eapi.co/api/equipment/124",
				"name": "Pick, miner’s"
			},
			{
				"url": "http://www.dnd5eapi.co/api/equipment/125",
				"name": "Piton"
			},
			{
				"url": "http://www.dnd5eapi.co/api/equipment/126",
				"name": "Poison, basic (vial)"
			},
			{
				"url": "http://www.dnd5eapi.co/api/equipment/127",
				"name": "Pole (10-foot)"
			},
			{
				"url": "http://www.dnd5eapi.co/api/equipment/128",
				"name": "Pot, iron"
			},
			{
				"url": "http://www.dnd5eapi.co/api/equipment/129",
				"name": "Potion of healing"
			},
			{
				"url": "http://www.dnd5eapi.co/api/equipment/130",
				"name": "Pouch"
			},
			{
				"url": "http://www.dnd5eapi.co/api/equipment/131",
				"name": "Quiver"
			},
			{
				"url": "http://www.dnd5eapi.co/api/equipment/132",
				"name": "Ram, portable"
			},
			{
				"url": "http://www.dnd5eapi.co/api/equipment/133",
				"name": "Rations (1 day)"
			},
			{
				"url": "http://www.dnd5eapi.co/api/equipment/134",
				"name": "Reliquary"
			},
			{
				"url": "http://www.dnd5eapi.co/api/equipment/135",
				"name": "Robes"
			},
			{
				"url": "http://www.dnd5eapi.co/api/equipment/136",
				"name": "Rope, hempen (50 feet)"
			},
			{
				"url": "http://www.dnd5eapi.co/api/equipment/137",
				"name": "Rope, silk (50 feet)"
			},
			{
				"url": "http://www.dnd5eapi.co/api/equipment/138",
				"name": "Sack"
			},
			{
				"url": "http://www.dnd5eapi.co/api/equipment/139",
				"name": "Scale, merchant’s"
			},
			{
				"url": "http://www.dnd5eapi.co/api/equipment/140",
				"name": "Sealing wax"
			},
			{
				"url": "http://www.dnd5eapi.co/api/equipment/141",
				"name": "Shovel"
			},
			{
				"url": "http://www.dnd5eapi.co/api/equipment/142",
				"name": "Signal whistle"
			},
			{
				"url": "http://www.dnd5eapi.co/api/equipment/143",
				"name": "Signet ring"
			},
			{
				"url": "http://www.dnd5eapi.co/api/equipment/144",
				"name": "Soap"
			},
			{
				"url": "http://www.dnd5eapi.co/api/equipment/145",
				"name": "Spellbook"
			},
			{
				"url": "http://www.dnd5eapi.co/api/equipment/146",
				"name": "Spike, iron"
			},
			{
				"url": "http://www.dnd5eapi.co/api/equipment/147",
				"name": "Spyglass"
			},
			{
				"url": "http://www.dnd5eapi.co/api/equipment/148",
				"name": "Tent, two-person"
			},
			{
				"url": "http://www.dnd5eapi.co/api/equipment/149",
				"name": "Tinderbox"
			},
			{
				"url": "http://www.dnd5eapi.co/api/equipment/150",
				"name": "Torch"
			},
			{
				"url": "http://www.dnd5eapi.co/api/equipment/151",
				"name": "Vial"
			},
			{
				"url": "http://www.dnd5eapi.co/api/equipment/152",
				"name": "Waterskin"
			},
			{
				"url": "http://www.dnd5eapi.co/api/equipment/153",
				"name": "Whetstone"
			},
			{
				"url": "http://www.dnd5eapi.co/api/equipment/154",
				"name": "Burglar's Pack"
			},
			{
				"url": "http://www.dnd5eapi.co/api/equipment/155",
				"name": "Diplomat's Pack"
			},
			{
				"url": "http://www.dnd5eapi.co/api/equipment/156",
				"name": "Dungeoneer's Pack"
			},
			{
				"url": "http://www.dnd5eapi.co/api/equipment/157",
				"name": "Entertainer's Pack"
			},
			{
				"url": "http://www.dnd5eapi.co/api/equipment/158",
				"name": "Explorer's Pack"
			},
			{
				"url": "http://www.dnd5eapi.co/api/equipment/159",
				"name": "Priest's Pack"
			},
			{
				"url": "http://www.dnd5eapi.co/api/equipment/160",
				"name": "Scholar's Pack"
			}
		],
		"url": "http://www.dnd5eapi.co/api/equipment-categories/3"
	},
	{
		"index": 4,
		"name": "Tools",
		"equipment": [
			{
				"url": "http://www.dnd5eapi.co/api/equipment/161",
				"name": "Alchemist’s supplies"
			},
			{
				"url": "http://www.dnd5eapi.co/api/equipment/162",
				"name": "Brewer’s supplies"
			},
			{
				"url": "http://www.dnd5eapi.co/api/equipment/163",
				"name": "Calligrapher’s supplies"
			},
			{
				"url": "http://www.dnd5eapi.co/api/equipment/164",
				"name": "Carpenter’s tools"
			},
			{
				"url": "http://www.dnd5eapi.co/api/equipment/165",
				"name": "Cartographer’s tools"
			},
			{
				"url": "http://www.dnd5eapi.co/api/equipment/166",
				"name": "Cobbler’s tools"
			},
			{
				"url": "http://www.dnd5eapi.co/api/equipment/167",
				"name": "Cook’s utensils"
			},
			{
				"url": "http://www.dnd5eapi.co/api/equipment/168",
				"name": "Glassblower’s tools"
			},
			{
				"url": "http://www.dnd5eapi.co/api/equipment/169",
				"name": "Jeweler’s tools"
			},
			{
				"url": "http://www.dnd5eapi.co/api/equipment/170",
				"name": "Leatherworker’s tools"
			},
			{
				"url": "http://www.dnd5eapi.co/api/equipment/171",
				"name": "Mason’s tools"
			},
			{
				"url": "http://www.dnd5eapi.co/api/equipment/172",
				"name": "Painter’s supplies"
			},
			{
				"url": "http://www.dnd5eapi.co/api/equipment/173",
				"name": "Potter’s tools"
			},
			{
				"url": "http://www.dnd5eapi.co/api/equipment/174",
				"name": "Smith’s tools"
			},
			{
				"url": "http://www.dnd5eapi.co/api/equipment/175",
				"name": "Tinker’s tools"
			},
			{
				"url": "http://www.dnd5eapi.co/api/equipment/176",
				"name": "Weaver’s tools"
			},
			{
				"url": "http://www.dnd5eapi.co/api/equipment/177",
				"name": "Woodcarver’s tools"
			},
			{
				"url": "http://www.dnd5eapi.co/api/equipment/178",
				"name": "Dice set"
			},
			{
				"url": "http://www.dnd5eapi.co/api/equipment/179",
				"name": "Playing card set"
			},
			{
				"url": "http://www.dnd5eapi.co/api/equipment/180",
				"name": "Bagpipes"
			},
			{
				"url": "http://www.dnd5eapi.co/api/equipment/181",
				"name": "Drum"
			},
			{
				"url": "http://www.dnd5eapi.co/api/equipment/182",
				"name": "Dulcimer"
			},
			{
				"url": "http://www.dnd5eapi.co/api/equipment/183",
				"name": "Flute"
			},
			{
				"url": "http://www.dnd5eapi.co/api/equipment/184",
				"name": "Lute"
			},
			{
				"url": "http://www.dnd5eapi.co/api/equipment/185",
				"name": "Lyre"
			},
			{
				"url": "http://www.dnd5eapi.co/api/equipment/186",
				"name": "Horn"
			},
			{
				"url": "http://www.dnd5eapi.co/api/equipment/187",
				"name": "Pan flute"
			},
			{
				"url": "http://www.dnd5eapi.co/api/equipment/188",
				"name": "Shawm"
			},
			{
				"url": "http://www.dnd5eapi.co/api/equipment/189",
				"name": "Viol"
			},
			{
				"url": "http://www.dnd5eapi.co/api/equipment/190",
				"name": "Navigator’s tools"
			},
			{
				"url": "http://www.dnd5eapi.co/api/equipment/191",
				"name": "Thieves’ tools"
			}
		],
		"url": "http://www.dnd5eapi.co/api/equipment-categories/4"
	},
	{
		"index": 5,
		"name": "Mounts and Vehicles",
		"equipment": [
			{
				"url": "http://www.dnd5eapi.co/api/equipment/194",
				"name": "Mule"
			},
			{
				"url": "http://www.dnd5eapi.co/api/equipment/195",
				"name": "Elephant"
			},
			{
				"url": "http://www.dnd5eapi.co/api/equipment/196",
				"name": "Horse, draft"
			},
			{
				"url": "http://www.dnd5eapi.co/api/equipment/197",
				"name": "Horse, riding"
			},
			{
				"url": "http://www.dnd5eapi.co/api/equipment/198",
				"name": "Mastiff"
			},
			{
				"url": "http://www.dnd5eapi.co/api/equipment/199",
				"name": "Pony"
			},
			{
				"url": "http://www.dnd5eapi.co/api/equipment/200",
				"name": "Warhorse"
			},
			{
				"url": "http://www.dnd5eapi.co/api/equipment/201",
				"name": "Barding: Padded"
			},
			{
				"url": "http://www.dnd5eapi.co/api/equipment/202",
				"name": "Barding: Leather"
			},
			{
				"url": "http://www.dnd5eapi.co/api/equipment/203",
				"name": "Barding: Studded Leather"
			},
			{
				"url": "http://www.dnd5eapi.co/api/equipment/204",
				"name": "Barding: Hide"
			},
			{
				"url": "http://www.dnd5eapi.co/api/equipment/205",
				"name": "Barding: Chain shirt"
			},
			{
				"url": "http://www.dnd5eapi.co/api/equipment/206",
				"name": "Barding: Scale mail"
			},
			{
				"url": "http://www.dnd5eapi.co/api/equipment/207",
				"name": "Barding: Breastplate"
			},
			{
				"url": "http://www.dnd5eapi.co/api/equipment/208",
				"name": "Barding: Half plate"
			},
			{
				"url": "http://www.dnd5eapi.co/api/equipment/209",
				"name": "Barding: Ring mail"
			},
			{
				"url": "http://www.dnd5eapi.co/api/equipment/210",
				"name": "Barding: Chain mail"
			},
			{
				"url": "http://www.dnd5eapi.co/api/equipment/211",
				"name": "Barding: Splint"
			},
			{
				"url": "http://www.dnd5eapi.co/api/equipment/212",
				"name": "Barding: Plate"
			},
			{
				"url": "http://www.dnd5eapi.co/api/equipment/213",
				"name": "Bit and bridle"
			},
			{
				"url": "http://www.dnd5eapi.co/api/equipment/214",
				"name": "Carriage"
			},
			{
				"url": "http://www.dnd5eapi.co/api/equipment/215",
				"name": "Cart"
			},
			{
				"url": "http://www.dnd5eapi.co/api/equipment/216",
				"name": "Chariot"
			},
			{
				"url": "http://www.dnd5eapi.co/api/equipment/217",
				"name": "Animal Feed (1 day)"
			},
			{
				"url": "http://www.dnd5eapi.co/api/equipment/218",
				"name": "Saddle, Exotic"
			},
			{
				"url": "http://www.dnd5eapi.co/api/equipment/219",
				"name": "Saddle, Military"
			},
			{
				"url": "http://www.dnd5eapi.co/api/equipment/220",
				"name": "Saddle, Pack"
			},
			{
				"url": "http://www.dnd5eapi.co/api/equipment/221",
				"name": "Riding"
			},
			{
				"url": "http://www.dnd5eapi.co/api/equipment/222",
				"name": "Saddlebags"
			},
			{
				"url": "http://www.dnd5eapi.co/api/equipment/223",
				"name": "Sled"
			},
			{
				"url": "http://www.dnd5eapi.co/api/equipment/224",
				"name": "Stabling (1 day)"
			},
			{
				"url": "http://www.dnd5eapi.co/api/equipment/225",
				"name": "Wagon"
			},
			{
				"url": "http://www.dnd5eapi.co/api/equipment/226",
				"name": "Barding: Padded"
			},
			{
				"url": "http://www.dnd5eapi.co/api/equipment/227",
				"name": "Barding: Leather"
			},
			{
				"url": "http://www.dnd5eapi.co/api/equipment/228",
				"name": "Barding: Studded Leather"
			},
			{
				"url": "http://www.dnd5eapi.co/api/equipment/229",
				"name": "Barding: Hide"
			},
			{
				"url": "http://www.dnd5eapi.co/api/equipment/230",
				"name": "Barding: Chain shirt"
			},
			{
				"url": "http://www.dnd5eapi.co/api/equipment/231",
				"name": "Barding: Scale mail"
			},
			{
				"url": "http://www.dnd5eapi.co/api/equipment/232",
				"name": "Barding: Breastplate"
			},
			{
				"url": "http://www.dnd5eapi.co/api/equipment/233",
				"name": "Barding: Half plate"
			},
			{
				"url": "http://www.dnd5eapi.co/api/equipment/234",
				"name": "Barding: Ring mail"
			},
			{
				"url": "http://www.dnd5eapi.co/api/equipment/235",
				"name": "Barding: Chain mail"
			},
			{
				"url": "http://www.dnd5eapi.co/api/equipment/236",
				"name": "Barding: Splint"
			},
			{
				"url": "http://www.dnd5eapi.co/api/equipment/237",
				"name": "Barding: Plate"
			},
			{
				"url": "http://www.dnd5eapi.co/api/equipment/238",
				"name": "Bit and bridle"
			},
			{
				"url": "http://www.dnd5eapi.co/api/equipment/239",
				"name": "Carriage"
			},
			{
				"url": "http://www.dnd5eapi.co/api/equipment/240",
				"name": "Cart"
			},
			{
				"url": "http://www.dnd5eapi.co/api/equipment/241",
				"name": "Chariot"
			},
			{
				"url": "http://www.dnd5eapi.co/api/equipment/242",
				"name": "Animal Feed (1 day)"
			},
			{
				"url": "http://www.dnd5eapi.co/api/equipment/243",
				"name": "Saddle, Exotic"
			},
			{
				"url": "http://www.dnd5eapi.co/api/equipment/244",
				"name": "Saddle, Military"
			},
			{
				"url": "http://www.dnd5eapi.co/api/equipment/245",
				"name": "Saddle, Pack"
			},
			{
				"url": "http://www.dnd5eapi.co/api/equipment/246",
				"name": "Riding"
			},
			{
				"url": "http://www.dnd5eapi.co/api/equipment/247",
				"name": "Saddlebags"
			},
			{
				"url": "http://www.dnd5eapi.co/api/equipment/248",
				"name": "Sled"
			},
			{
				"url": "http://www.dnd5eapi.co/api/equipment/249",
				"name": "Stabling (1 day)"
			},
			{
				"url": "http://www.dnd5eapi.co/api/equipment/250",
				"name": "Wagon"
			},
			{
				"url": "http://www.dnd5eapi.co/api/equipment/251",
				"name": "Galley"
			},
			{
				"url": "http://www.dnd5eapi.co/api/equipment/252",
				"name": "Keelboat"
			},
			{
				"url": "http://www.dnd5eapi.co/api/equipment/253",
				"name": "Longship"
			},
			{
				"url": "http://www.dnd5eapi.co/api/equipment/254",
				"name": "Rowboat"
			},
			{
				"url": "http://www.dnd5eapi.co/api/equipment/255",
				"name": "Sailing ship"
			},
			{
				"url": "http://www.dnd5eapi.co/api/equipment/256",
				"name": "Warship"
			}
		],
		"url": "http://www.dnd5eapi.co/api/equipment-categories/5"
	},
	{
		"index": 6,
		"name": "Simple Weapons",
		"equipment": [
			{
				"url": "http://www.dnd5eapi.co/api/equipment/1",
				"name": "Club"
			},
			{
				"url": "http://www.dnd5eapi.co/api/equipment/2",
				"name": "Dagger"
			},
			{
				"url": "http://www.dnd5eapi.co/api/equipment/3",
				"name": "Greatclub"
			},
			{
				"url": "http://www.dnd5eapi.co/api/equipment/4",
				"name": "Handaxe"
			},
			{
				"url": "http://www.dnd5eapi.co/api/equipment/5",
				"name": "Javelin"
			},
			{
				"url": "http://www.dnd5eapi.co/api/equipment/6",
				"name": "Light hammer"
			},
			{
				"url": "http://www.dnd5eapi.co/api/equipment/7",
				"name": "Mace"
			},
			{
				"url": "http://www.dnd5eapi.co/api/equipment/8",
				"name": "Quarterstaff"
			},
			{
				"url": "http://www.dnd5eapi.co/api/equipment/9",
				"name": "Sickle"
			},
			{
				"url": "http://www.dnd5eapi.co/api/equipment/10",
				"name": "Spear"
			}
		],
		"url": "http://www.dnd5eapi.co/api/equipment-categories/6"
	},
	{
		"index": 7,
		"name": "Martial Weapons",
		"equipment": [
			{
				"url": "http://www.dnd5eapi.co/api/equipment/15",
				"name": "Battleaxe"
			},
			{
				"url": "http://www.dnd5eapi.co/api/equipment/16",
				"name": "Flail"
			},
			{
				"url": "http://www.dnd5eapi.co/api/equipment/17",
				"name": "Glaive"
			},
			{
				"url": "http://www.dnd5eapi.co/api/equipment/18",
				"name": "Greataxe"
			},
			{
				"url": "http://www.dnd5eapi.co/api/equipment/19",
				"name": "Greatsword"
			},
			{
				"url": "http://www.dnd5eapi.co/api/equipment/20",
				"name": "Halberd"
			},
			{
				"url": "http://www.dnd5eapi.co/api/equipment/21",
				"name": "Lance"
			},
			{
				"url": "http://www.dnd5eapi.co/api/equipment/22",
				"name": "Longsword"
			},
			{
				"url": "http://www.dnd5eapi.co/api/equipment/23",
				"name": "Maul"
			},
			{
				"url": "http://www.dnd5eapi.co/api/equipment/24",
				"name": "Morningstar"
			},
			{
				"url": "http://www.dnd5eapi.co/api/equipment/25",
				"name": "Pike"
			},
			{
				"url": "http://www.dnd5eapi.co/api/equipment/26",
				"name": "Rapier"
			},
			{
				"url": "http://www.dnd5eapi.co/api/equipment/27",
				"name": "Scimitar"
			},
			{
				"url": "http://www.dnd5eapi.co/api/equipment/28",
				"name": "Shortsword"
			},
			{
				"url": "http://www.dnd5eapi.co/api/equipment/29",
				"name": "Trident"
			},
			{
				"url": "http://www.dnd5eapi.co/api/equipment/30",
				"name": "War pick"
			},
			{
				"url": "http://www.dnd5eapi.co/api/equipment/31",
				"name": "Warhammer"
			},
			{
				"url": "http://www.dnd5eapi.co/api/equipment/32",
				"name": "Whip"
			},
			{
				"url": "http://www.dnd5eapi.co/api/equipment/33",
				"name": "Blowgun"
			},
			{
				"url": "http://www.dnd5eapi.co/api/equipment/34",
				"name": "Crossbow, hand"
			},
			{
				"url": "http://www.dnd5eapi.co/api/equipment/35",
				"name": "Crossbow, heavy"
			},
			{
				"url": "http://www.dnd5eapi.co/api/equipment/36",
				"name": "Longbow"
			},
			{
				"url": "http://www.dnd5eapi.co/api/equipment/37",
				"name": "Net"
			}
		],
		"url": "http://www.dnd5eapi.co/api/equipment-categories/7"
	},
	{
		"index": 8,
		"name": "Simple Melee Weapons",
		"equipment": [
			{
				"url": "http://www.dnd5eapi.co/api/equipment/1",
				"name": "Club"
			},
			{
				"url": "http://www.dnd5eapi.co/api/equipment/2",
				"name": "Dagger"
			},
			{
				"url": "http://www.dnd5eapi.co/api/equipment/3",
				"name": "Greatclub"
			},
			{
				"url": "http://www.dnd5eapi.co/api/equipment/4",
				"name": "Handaxe"
			},
			{
				"url": "http://www.dnd5eapi.co/api/equipment/5",
				"name": "Javelin"
			},
			{
				"url": "http://www.dnd5eapi.co/api/equipment/6",
				"name": "Light hammer"
			},
			{
				"url": "http://www.dnd5eapi.co/api/equipment/7",
				"name": "Mace"
			},
			{
				"url": "http://www.dnd5eapi.co/api/equipment/8",
				"name": "Quarterstaff"
			},
			{
				"url": "http://www.dnd5eapi.co/api/equipment/9",
				"name": "Sickle"
			},
			{
				"url": "http://www.dnd5eapi.co/api/equipment/10",
				"name": "Spear"
			}
		],
		"url": "http://www.dnd5eapi.co/api/equipment-categories/8"
	},
	{
		"index": 9,
		"name": "Simple Ranged Weapons",
		"equipment": [
			{
				"url": "http://www.dnd5eapi.co/api/equipment/11",
				"name": "Crossbow, light"
			},
			{
				"url": "http://www.dnd5eapi.co/api/equipment/12",
				"name": "Dart"
			},
			{
				"url": "http://www.dnd5eapi.co/api/equipment/13",
				"name": "Shortbow"
			},
			{
				"url": "http://www.dnd5eapi.co/api/equipment/14",
				"name": "Sling"
			}
		],
		"url": "http://www.dnd5eapi.co/api/equipment-categories/9"
	},
	{
		"index": 10,
		"name": "Martial Melee Weapons",
		"equipment": [
			{
				"url": "http://www.dnd5eapi.co/api/equipment/15",
				"name": "Battleaxe"
			},
			{
				"url": "http://www.dnd5eapi.co/api/equipment/16",
				"name": "Flail"
			},
			{
				"url": "http://www.dnd5eapi.co/api/equipment/17",
				"name": "Glaive"
			},
			{
				"url": "http://www.dnd5eapi.co/api/equipment/18",
				"name": "Greataxe"
			},
			{
				"url": "http://www.dnd5eapi.co/api/equipment/19",
				"name": "Greatsword"
			},
			{
				"url": "http://www.dnd5eapi.co/api/equipment/20",
				"name": "Halberd"
			},
			{
				"url": "http://www.dnd5eapi.co/api/equipment/21",
				"name": "Lance"
			},
			{
				"url": "http://www.dnd5eapi.co/api/equipment/22",
				"name": "Longsword"
			},
			{
				"url": "http://www.dnd5eapi.co/api/equipment/23",
				"name": "Maul"
			},
			{
				"url": "http://www.dnd5eapi.co/api/equipment/24",
				"name": "Morningstar"
			},
			{
				"url": "http://www.dnd5eapi.co/api/equipment/25",
				"name": "Pike"
			},
			{
				"url": "http://www.dnd5eapi.co/api/equipment/26",
				"name": "Rapier"
			},
			{
				"url": "http://www.dnd5eapi.co/api/equipment/27",
				"name": "Scimitar"
			},
			{
				"url": "http://www.dnd5eapi.co/api/equipment/28",
				"name": "Shortsword"
			},
			{
				"url": "http://www.dnd5eapi.co/api/equipment/29",
				"name": "Trident"
			},
			{
				"url": "http://www.dnd5eapi.co/api/equipment/30",
				"name": "War pick"
			},
			{
				"url": "http://www.dnd5eapi.co/api/equipment/31",
				"name": "Warhammer"
			},
			{
				"url": "http://www.dnd5eapi.co/api/equipment/32",
				"name": "Whip"
			}
		],
		"url": "http://www.dnd5eapi.co/api/equipment-categories/10"
	},
	{
		"index": 11,
		"name": "Martial Ranged Weapons",
		"equipment": [
			{
				"url": "http://www.dnd5eapi.co/api/equipment/33",
				"name": "Blowgun"
			},
			{
				"url": "http://www.dnd5eapi.co/api/equipment/34",
				"name": "Crossbow, hand"
			},
			{
				"url": "http://www.dnd5eapi.co/api/equipment/35",
				"name": "Crossbow, heavy"
			},
			{
				"url": "http://www.dnd5eapi.co/api/equipment/36",
				"name": "Longbow"
			},
			{
				"url": "http://www.dnd5eapi.co/api/equipment/37",
				"name": "Net"
			}
		],
		"url": "http://www.dnd5eapi.co/api/equipment-categories/11"
	},
	{
		"index": 12,
		"name": "Light Armor",
		"equipment": [
			{
				"url": "http://www.dnd5eapi.co/api/equipment/38",
				"name": "Padded"
			},
			{
				"url": "http://www.dnd5eapi.co/api/equipment/39",
				"name": "Leather"
			},
			{
				"url": "http://www.dnd5eapi.co/api/equipment/40",
				"name": "Studded Leather"
			}
		],
		"url": "http://www.dnd5eapi.co/api/equipment-categories/12"
	},
	{
		"index": 13,
		"name": "Medium Armor",
		"equipment": [
			{
				"url": "http://www.dnd5eapi.co/api/equipment/41",
				"name": "Hide"
			},
			{
				"url": "http://www.dnd5eapi.co/api/equipment/42",
				"name": "Chain Shirt"
			},
			{
				"url": "http://www.dnd5eapi.co/api/equipment/43",
				"name": "Scale Mail"
			},
			{
				"url": "http://www.dnd5eapi.co/api/equipment/44",
				"name": "Breastplate"
			},
			{
				"url": "http://www.dnd5eapi.co/api/equipment/45",
				"name": "Half Plate"
			}
		],
		"url": "http://www.dnd5eapi.co/api/equipment-categories/13"
	},
	{
		"index": 14,
		"name": "Heavy Armor",
		"equipment": [
			{
				"url": "http://www.dnd5eapi.co/api/equipment/46",
				"name": "Ring Mail"
			},
			{
				"url": "http://www.dnd5eapi.co/api/equipment/47",
				"name": "Chain Mail"
			},
			{
				"url": "http://www.dnd5eapi.co/api/equipment/48",
				"name": "Splint"
			},
			{
				"url": "http://www.dnd5eapi.co/api/equipment/49",
				"name": "Plate"
			}
		],
		"url": "http://www.dnd5eapi.co/api/equipment-categories/14"
	},
	{
		"index": 15,
		"name": "Shields",
		"equipment": [
			{
				"url": "http://www.dnd5eapi.co/api/equipment/50",
				"name": "Shield"
			}
		],
		"url": "http://www.dnd5eapi.co/api/equipment-categories/15"
	},
	{
		"index": 16,
		"name": "Standard Gear",
		"equipment": [
			{
				"url": "http://www.dnd5eapi.co/api/equipment/51",
				"name": "Abacus"
			},
			{
				"url": "http://www.dnd5eapi.co/api/equipment/52",
				"name": "Acid (vial)"
			},
			{
				"url": "http://www.dnd5eapi.co/api/equipment/53",
				"name": "Alchemist’s fire (flask)"
			},
			{
				"url": "http://www.dnd5eapi.co/api/equipment/54",
				"name": "Arrow"
			},
			{
				"url": "http://www.dnd5eapi.co/api/equipment/55",
				"name": "Blowgun needle"
			},
			{
				"url": "http://www.dnd5eapi.co/api/equipment/56",
				"name": "Crossbow bolt"
			},
			{
				"url": "http://www.dnd5eapi.co/api/equipment/57",
				"name": "Sling bullet"
			},
			{
				"url": "http://www.dnd5eapi.co/api/equipment/58",
				"name": "Amulet"
			},
			{
				"url": "http://www.dnd5eapi.co/api/equipment/59",
				"name": "Antitoxin (vial)"
			},
			{
				"url": "http://www.dnd5eapi.co/api/equipment/60",
				"name": "Crystal"
			},
			{
				"url": "http://www.dnd5eapi.co/api/equipment/61",
				"name": "Orb"
			},
			{
				"url": "http://www.dnd5eapi.co/api/equipment/62",
				"name": "Rod"
			},
			{
				"url": "http://www.dnd5eapi.co/api/equipment/63",
				"name": "Staff"
			},
			{
				"url": "http://www.dnd5eapi.co/api/equipment/64",
				"name": "Wand"
			},
			{
				"url": "http://www.dnd5eapi.co/api/equipment/65",
				"name": "Backpack"
			},
			{
				"url": "http://www.dnd5eapi.co/api/equipment/66",
				"name": "Ball bearings (bag of 1,000)"
			},
			{
				"url": "http://www.dnd5eapi.co/api/equipment/67",
				"name": "Barrel"
			},
			{
				"url": "http://www.dnd5eapi.co/api/equipment/68",
				"name": "Basket"
			},
			{
				"url": "http://www.dnd5eapi.co/api/equipment/69",
				"name": "Bedroll"
			},
			{
				"url": "http://www.dnd5eapi.co/api/equipment/70",
				"name": "Bell"
			},
			{
				"url": "http://www.dnd5eapi.co/api/equipment/71",
				"name": "Blanket"
			},
			{
				"url": "http://www.dnd5eapi.co/api/equipment/72",
				"name": "Block and tackle"
			},
			{
				"url": "http://www.dnd5eapi.co/api/equipment/73",
				"name": "Book"
			},
			{
				"url": "http://www.dnd5eapi.co/api/equipment/74",
				"name": "Bottle, glass"
			},
			{
				"url": "http://www.dnd5eapi.co/api/equipment/75",
				"name": "Bucket"
			},
			{
				"url": "http://www.dnd5eapi.co/api/equipment/76",
				"name": "Caltrops"
			},
			{
				"url": "http://www.dnd5eapi.co/api/equipment/77",
				"name": "Candle"
			},
			{
				"url": "http://www.dnd5eapi.co/api/equipment/78",
				"name": "Case, crossbow bolt"
			},
			{
				"url": "http://www.dnd5eapi.co/api/equipment/79",
				"name": "Case, map or scroll"
			},
			{
				"url": "http://www.dnd5eapi.co/api/equipment/80",
				"name": "Chain (10 feet)"
			},
			{
				"url": "http://www.dnd5eapi.co/api/equipment/81",
				"name": "Chalk (1 piece)"
			},
			{
				"url": "http://www.dnd5eapi.co/api/equipment/82",
				"name": "Chest"
			},
			{
				"url": "http://www.dnd5eapi.co/api/equipment/83",
				"name": "Clothes, common"
			},
			{
				"url": "http://www.dnd5eapi.co/api/equipment/84",
				"name": "Clothes, costume"
			},
			{
				"url": "http://www.dnd5eapi.co/api/equipment/85",
				"name": "Clothes, fine"
			},
			{
				"url": "http://www.dnd5eapi.co/api/equipment/86",
				"name": "Clothes, traveler’s"
			},
			{
				"url": "http://www.dnd5eapi.co/api/equipment/87",
				"name": "Component pouch"
			},
			{
				"url": "http://www.dnd5eapi.co/api/equipment/88",
				"name": "Crowbar"
			},
			{
				"url": "http://www.dnd5eapi.co/api/equipment/89",
				"name": "Sprig of mistletoe"
			},
			{
				"url": "http://www.dnd5eapi.co/api/equipment/90",
				"name": "Totem"
			},
			{
				"url": "http://www.dnd5eapi.co/api/equipment/91",
				"name": "Wooden staff"
			},
			{
				"url": "http://www.dnd5eapi.co/api/equipment/92",
				"name": "Yew wand"
			},
			{
				"url": "http://www.dnd5eapi.co/api/equipment/93",
				"name": "Emblem"
			},
			{
				"url": "http://www.dnd5eapi.co/api/equipment/94",
				"name": "Fishing tackle"
			},
			{
				"url": "http://www.dnd5eapi.co/api/equipment/95",
				"name": "Flask or tankard"
			},
			{
				"url": "http://www.dnd5eapi.co/api/equipment/96",
				"name": "Grappling hook"
			},
			{
				"url": "http://www.dnd5eapi.co/api/equipment/97",
				"name": "Hammer"
			},
			{
				"url": "http://www.dnd5eapi.co/api/equipment/98",
				"name": "Hammer, sledge"
			},
			{
				"url": "http://www.dnd5eapi.co/api/equipment/99",
				"name": "Holy water (flask)"
			},
			{
				"url": "http://www.dnd5eapi.co/api/equipment/100",
				"name": "Hourglass"
			},
			{
				"url": "http://www.dnd5eapi.co/api/equipment/101",
				"name": "Hunting trap"
			},
			{
				"url": "http://www.dnd5eapi.co/api/equipment/102",
				"name": "Ink (1 ounce bottle)"
			},
			{
				"url": "http://www.dnd5eapi.co/api/equipment/103",
				"name": "Ink pen"
			},
			{
				"url": "http://www.dnd5eapi.co/api/equipment/100",
				"name": "Hourglass"
			},
			{
				"url": "http://www.dnd5eapi.co/api/equipment/101",
				"name": "Hunting trap"
			},
			{
				"url": "http://www.dnd5eapi.co/api/equipment/102",
				"name": "Ink (1 ounce bottle)"
			},
			{
				"url": "http://www.dnd5eapi.co/api/equipment/103",
				"name": "Ink pen"
			},
			{
				"url": "http://www.dnd5eapi.co/api/equipment/104",
				"name": "Jug or pitcher"
			},
			{
				"url": "http://www.dnd5eapi.co/api/equipment/112",
				"name": "Ladder (10-foot)"
			},
			{
				"url": "http://www.dnd5eapi.co/api/equipment/113",
				"name": "Lamp"
			},
			{
				"url": "http://www.dnd5eapi.co/api/equipment/114",
				"name": "Lantern, bullseye"
			},
			{
				"url": "http://www.dnd5eapi.co/api/equipment/115",
				"name": "Lantern, hooded"
			},
			{
				"url": "http://www.dnd5eapi.co/api/equipment/116",
				"name": "Lock"
			},
			{
				"url": "http://www.dnd5eapi.co/api/equipment/117",
				"name": "Magnifying glass"
			},
			{
				"url": "http://www.dnd5eapi.co/api/equipment/118",
				"name": "Manacles"
			},
			{
				"url": "http://www.dnd5eapi.co/api/equipment/119",
				"name": "Mirror, steel"
			},
			{
				"url": "http://www.dnd5eapi.co/api/equipment/120",
				"name": "Oil (flask)"
			},
			{
				"url": "http://www.dnd5eapi.co/api/equipment/121",
				"name": "Paper (one sheet)"
			},
			{
				"url": "http://www.dnd5eapi.co/api/equipment/122",
				"name": "Parchment (one sheet)"
			},
			{
				"url": "http://www.dnd5eapi.co/api/equipment/123",
				"name": "Perfume (vial)"
			},
			{
				"url": "http://www.dnd5eapi.co/api/equipment/124",
				"name": "Pick, miner’s"
			},
			{
				"url": "http://www.dnd5eapi.co/api/equipment/125",
				"name": "Piton"
			},
			{
				"url": "http://www.dnd5eapi.co/api/equipment/126",
				"name": "Poison, basic (vial)"
			},
			{
				"url": "http://www.dnd5eapi.co/api/equipment/127",
				"name": "Pole (10-foot)"
			},
			{
				"url": "http://www.dnd5eapi.co/api/equipment/128",
				"name": "Pot, iron"
			},
			{
				"url": "http://www.dnd5eapi.co/api/equipment/129",
				"name": "Potion of healing"
			},
			{
				"url": "http://www.dnd5eapi.co/api/equipment/130",
				"name": "Pouch"
			},
			{
				"url": "http://www.dnd5eapi.co/api/equipment/131",
				"name": "Quiver"
			},
			{
				"url": "http://www.dnd5eapi.co/api/equipment/132",
				"name": "Ram, portable"
			},
			{
				"url": "http://www.dnd5eapi.co/api/equipment/133",
				"name": "Rations (1 day)"
			},
			{
				"url": "http://www.dnd5eapi.co/api/equipment/134",
				"name": "Reliquary"
			},
			{
				"url": "http://www.dnd5eapi.co/api/equipment/135",
				"name": "Robes"
			},
			{
				"url": "http://www.dnd5eapi.co/api/equipment/136",
				"name": "Rope, hempen (50 feet)"
			},
			{
				"url": "http://www.dnd5eapi.co/api/equipment/137",
				"name": "Rope, silk (50 feet)"
			},
			{
				"url": "http://www.dnd5eapi.co/api/equipment/138",
				"name": "Sack"
			},
			{
				"url": "http://www.dnd5eapi.co/api/equipment/139",
				"name": "Scale, merchant’s"
			},
			{
				"url": "http://www.dnd5eapi.co/api/equipment/140",
				"name": "Sealing wax"
			},
			{
				"url": "http://www.dnd5eapi.co/api/equipment/141",
				"name": "Shovel"
			},
			{
				"url": "http://www.dnd5eapi.co/api/equipment/142",
				"name": "Signal whistle"
			},
			{
				"url": "http://www.dnd5eapi.co/api/equipment/143",
				"name": "Signet ring"
			},
			{
				"url": "http://www.dnd5eapi.co/api/equipment/144",
				"name": "Soap"
			},
			{
				"url": "http://www.dnd5eapi.co/api/equipment/145",
				"name": "Spellbook"
			},
			{
				"url": "http://www.dnd5eapi.co/api/equipment/146",
				"name": "Spike, iron"
			},
			{
				"url": "http://www.dnd5eapi.co/api/equipment/147",
				"name": "Spyglass"
			},
			{
				"url": "http://www.dnd5eapi.co/api/equipment/148",
				"name": "Tent, two-person"
			},
			{
				"url": "http://www.dnd5eapi.co/api/equipment/149",
				"name": "Tinderbox"
			},
			{
				"url": "http://www.dnd5eapi.co/api/equipment/150",
				"name": "Torch"
			},
			{
				"url": "http://www.dnd5eapi.co/api/equipment/151",
				"name": "Vial"
			},
			{
				"url": "http://www.dnd5eapi.co/api/equipment/152",
				"name": "Waterskin"
			},
			{
				"url": "http://www.dnd5eapi.co/api/equipment/153",
				"name": "Whetstone"
			}
		],
		"url": "http://www.dnd5eapi.co/api/equipment-categories/16"
	},
	{
		"index": 17,
		"name": "Kits",
		"equipment": [
			{
				"url": "http://www.dnd5eapi.co/api/equipment/105",
				"name": "Climber’s Kit"
			},
			{
				"url": "http://www.dnd5eapi.co/api/equipment/106",
				"name": "Disguise Kit"
			},
			{
				"url": "http://www.dnd5eapi.co/api/equipment/107",
				"name": "Forgery Kit"
			},
			{
				"url": "http://www.dnd5eapi.co/api/equipment/108",
				"name": "Herbalism Kit"
			},
			{
				"url": "http://www.dnd5eapi.co/api/equipment/109",
				"name": "Healer’s Kit"
			},
			{
				"url": "http://www.dnd5eapi.co/api/equipment/110",
				"name": "Mess Kit"
			},
			{
				"url": "http://www.dnd5eapi.co/api/equipment/111",
				"name": "Poisoner’s Kit"
			}
		],
		"url": "http://www.dnd5eapi.co/api/equipment-categories/17"
	},
	{
		"index": 18,
		"name": "Equipment Packs",
		"equipment": [
			{
				"url": "http://www.dnd5eapi.co/api/equipment/154",
				"name": "Burglar's Pack"
			},
			{
				"url": "http://www.dnd5eapi.co/api/equipment/155",
				"name": "Diplomat's Pack"
			},
			{
				"url": "http://www.dnd5eapi.co/api/equipment/156",
				"name": "Dungeoneer's Pack"
			},
			{
				"url": "http://www.dnd5eapi.co/api/equipment/157",
				"name": "Entertainer's Pack"
			},
			{
				"url": "http://www.dnd5eapi.co/api/equipment/158",
				"name": "Explorer's Pack"
			},
			{
				"url": "http://www.dnd5eapi.co/api/equipment/159",
				"name": "Priest's Pack"
			},
			{
				"url": "http://www.dnd5eapi.co/api/equipment/160",
				"name": "Scholar's Pack"
			}
		],
		"url": "http://www.dnd5eapi.co/api/equipment-categories/18"
	},
	{
		"index": 19,
		"name": "Artisan's Tools",
		"equipment": [
			{
				"url": "http://www.dnd5eapi.co/api/equipment/161",
				"name": "Alchemist’s supplies"
			},
			{
				"url": "http://www.dnd5eapi.co/api/equipment/162",
				"name": "Brewer’s supplies"
			},
			{
				"url": "http://www.dnd5eapi.co/api/equipment/163",
				"name": "Calligrapher’s supplies"
			},
			{
				"url": "http://www.dnd5eapi.co/api/equipment/164",
				"name": "Carpenter’s tools"
			},
			{
				"url": "http://www.dnd5eapi.co/api/equipment/165",
				"name": "Cartographer’s tools"
			},
			{
				"url": "http://www.dnd5eapi.co/api/equipment/166",
				"name": "Cobbler’s tools"
			},
			{
				"url": "http://www.dnd5eapi.co/api/equipment/167",
				"name": "Cook’s utensils"
			},
			{
				"url": "http://www.dnd5eapi.co/api/equipment/168",
				"name": "Glassblower’s tools"
			},
			{
				"url": "http://www.dnd5eapi.co/api/equipment/169",
				"name": "Jeweler’s tools"
			},
			{
				"url": "http://www.dnd5eapi.co/api/equipment/170",
				"name": "Leatherworker’s tools"
			},
			{
				"url": "http://www.dnd5eapi.co/api/equipment/171",
				"name": "Mason’s tools"
			},
			{
				"url": "http://www.dnd5eapi.co/api/equipment/172",
				"name": "Painter’s supplies"
			},
			{
				"url": "http://www.dnd5eapi.co/api/equipment/173",
				"name": "Potter’s tools"
			},
			{
				"url": "http://www.dnd5eapi.co/api/equipment/174",
				"name": "Smith’s tools"
			},
			{
				"url": "http://www.dnd5eapi.co/api/equipment/175",
				"name": "Tinker’s tools"
			},
			{
				"url": "http://www.dnd5eapi.co/api/equipment/176",
				"name": "Weaver’s tools"
			},
			{
				"url": "http://www.dnd5eapi.co/api/equipment/177",
				"name": "Woodcarver’s tools"
			}
		],
		"url": "http://www.dnd5eapi.co/api/equipment-categories/19"
	},
	{
		"index": 20,
		"name": "Gaming Sets",
		"equipment": [
			{
				"url": "http://www.dnd5eapi.co/api/equipment/178",
				"name": "Dice set"
			},
			{
				"url": "http://www.dnd5eapi.co/api/equipment/179",
				"name": "Playing card set"
			}
		],
		"url": "http://www.dnd5eapi.co/api/equipment-categories/20"
	},
	{
		"index": 21,
		"name": "Musical Instruments",
		"equipment": [
			{
				"url": "http://www.dnd5eapi.co/api/equipment/180",
				"name": "Bagpipes"
			},
			{
				"url": "http://www.dnd5eapi.co/api/equipment/181",
				"name": "Drum"
			},
			{
				"url": "http://www.dnd5eapi.co/api/equipment/182",
				"name": "Dulcimer"
			},
			{
				"url": "http://www.dnd5eapi.co/api/equipment/183",
				"name": "Flute"
			},
			{
				"url": "http://www.dnd5eapi.co/api/equipment/184",
				"name": "Lute"
			},
			{
				"url": "http://www.dnd5eapi.co/api/equipment/185",
				"name": "Lyre"
			},
			{
				"url": "http://www.dnd5eapi.co/api/equipment/186",
				"name": "Horn"
			},
			{
				"url": "http://www.dnd5eapi.co/api/equipment/187",
				"name": "Pan flute"
			},
			{
				"url": "http://www.dnd5eapi.co/api/equipment/188",
				"name": "Shawm"
			},
			{
				"url": "http://www.dnd5eapi.co/api/equipment/189",
				"name": "Viol"
			}
		],
		"url": "http://www.dnd5eapi.co/api/equipment-categories/21"
	},
	{
		"index": 22,
		"name": "Other Tools",
		"equipment": [
			{
				"url": "http://www.dnd5eapi.co/api/equipment/190",
				"name": "Navigator’s tools"
			},
			{
				"url": "http://www.dnd5eapi.co/api/equipment/191",
				"name": "Thieves’ tools"
			}
		],
		"url": "http://www.dnd5eapi.co/api/equipment-categories/22"
	},
	{
		"index": 23,
		"name": "Mounts and Other Anumals",
		"equipment": [
			{
				"url": "http://www.dnd5eapi.co/api/equipment/194",
				"name": "Mule"
			},
			{
				"url": "http://www.dnd5eapi.co/api/equipment/195",
				"name": "Elephant"
			},
			{
				"url": "http://www.dnd5eapi.co/api/equipment/196",
				"name": "Horse, draft"
			},
			{
				"url": "http://www.dnd5eapi.co/api/equipment/197",
				"name": "Horse, riding"
			},
			{
				"url": "http://www.dnd5eapi.co/api/equipment/198",
				"name": "Mastiff"
			},
			{
				"url": "http://www.dnd5eapi.co/api/equipment/199",
				"name": "Pony"
			},
			{
				"url": "http://www.dnd5eapi.co/api/equipment/200",
				"name": "Warhorse"
			}
		],
		"url": "http://www.dnd5eapi.co/api/equipment-categories/23"
	},
	{
		"index": 24,
		"name": "Tack, Harness, and Drawn Vehicles",
		"equipment": [
			{
				"url": "http://www.dnd5eapi.co/api/equipment/226",
				"name": "Barding: Padded"
			},
			{
				"url": "http://www.dnd5eapi.co/api/equipment/227",
				"name": "Barding: Leather"
			},
			{
				"url": "http://www.dnd5eapi.co/api/equipment/228",
				"name": "Barding: Studded Leather"
			},
			{
				"url": "http://www.dnd5eapi.co/api/equipment/229",
				"name": "Barding: Hide"
			},
			{
				"url": "http://www.dnd5eapi.co/api/equipment/230",
				"name": "Barding: Chain shirt"
			},
			{
				"url": "http://www.dnd5eapi.co/api/equipment/231",
				"name": "Barding: Scale mail"
			},
			{
				"url": "http://www.dnd5eapi.co/api/equipment/232",
				"name": "Barding: Breastplate"
			},
			{
				"url": "http://www.dnd5eapi.co/api/equipment/233",
				"name": "Barding: Half plate"
			},
			{
				"url": "http://www.dnd5eapi.co/api/equipment/234",
				"name": "Barding: Ring mail"
			},
			{
				"url": "http://www.dnd5eapi.co/api/equipment/235",
				"name": "Barding: Chain mail"
			},
			{
				"url": "http://www.dnd5eapi.co/api/equipment/236",
				"name": "Barding: Splint"
			},
			{
				"url": "http://www.dnd5eapi.co/api/equipment/237",
				"name": "Barding: Plate"
			},
			{
				"url": "http://www.dnd5eapi.co/api/equipment/238",
				"name": "Bit and bridle"
			},
			{
				"url": "http://www.dnd5eapi.co/api/equipment/239",
				"name": "Carriage"
			},
			{
				"url": "http://www.dnd5eapi.co/api/equipment/240",
				"name": "Cart"
			},
			{
				"url": "http://www.dnd5eapi.co/api/equipment/241",
				"name": "Chariot"
			},
			{
				"url": "http://www.dnd5eapi.co/api/equipment/242",
				"name": "Animal Feed (1 day)"
			},
			{
				"url": "http://www.dnd5eapi.co/api/equipment/243",
				"name": "Saddle, Exotic"
			},
			{
				"url": "http://www.dnd5eapi.co/api/equipment/244",
				"name": "Saddle, Military"
			},
			{
				"url": "http://www.dnd5eapi.co/api/equipment/245",
				"name": "Saddle, Pack"
			},
			{
				"url": "http://www.dnd5eapi.co/api/equipment/246",
				"name": "Riding"
			},
			{
				"url": "http://www.dnd5eapi.co/api/equipment/247",
				"name": "Saddlebags"
			},
			{
				"url": "http://www.dnd5eapi.co/api/equipment/248",
				"name": "Sled"
			},
			{
				"url": "http://www.dnd5eapi.co/api/equipment/249",
				"name": "Stabling (1 day)"
			},
			{
				"url": "http://www.dnd5eapi.co/api/equipment/250",
				"name": "Wagon"
			}
		],
		"url": "http://www.dnd5eapi.co/api/equipment-categories/24"
	},
	{
		"index": 25,
		"name": "Waterborne Vehicles",
		"equipment": [
			{
				"url": "http://www.dnd5eapi.co/api/equipment/251",
				"name": "Galley"
			},
			{
				"url": "http://www.dnd5eapi.co/api/equipment/252",
				"name": "Keelboat"
			},
			{
				"url": "http://www.dnd5eapi.co/api/equipment/253",
				"name": "Longship"
			},
			{
				"url": "http://www.dnd5eapi.co/api/equipment/254",
				"name": "Rowboat"
			},
			{
				"url": "http://www.dnd5eapi.co/api/equipment/255",
				"name": "Sailing ship"
			},
			{
				"url": "http://www.dnd5eapi.co/api/equipment/256",
				"name": "Warship"
			}
		],
		"url": "http://www.dnd5eapi.co/api/equipment-categories/25"
	}
]
